id,document,embedding_length,embedding_first_10,metadata
98d66592-b956-4cbe-a9bf-ead6b6916dec,"Artificial Intelligence (AI) refers to the simulation of human intelligence in machines. These machines are designed to think, learn, and make decisions like humans. AI systems can be classified into three types: Narrow AI, General AI, and Super AI.",1024,"[ 0.0092214   0.03244405 -0.00984936 -0.0564006  -0.00190556 -0.02816584
 -0.00402613 -0.0091999  -0.01328491  0.04806637]","{'timestamp': '2026-01-08T13:28:18.968894', 'source': 'AI.pdf', 'chunk_index': 0}"
e30fec06-479d-4659-89b2-8f853e899620,"AI systems can be classified into three types: Narrow AI, General AI, and Super AI. Narrow AI is designed to perform a specific task such as facial recognition or voice assistants. General AI aims to perform any intellectual task that a human can do.",1024,"[ 0.01769759  0.03121935 -0.00947282 -0.06451198 -0.00842682 -0.0237503
 -0.00705654  0.00145987 -0.01499845  0.03004194]","{'timestamp': '2026-01-08T13:28:19.237000', 'chunk_index': 1, 'source': 'AI.pdf'}"
003e512e-8ce9-45c5-b15e-c40c18d29bec,General AI aims to perform any intellectual task that a human can do. Super AI refers to intelligence that surpasses human capabilities. Machine Learning is a subset of AI that enables systems to learn from data. Deep Learning is a further subset that uses neural networks with many layers.,1024,"[ 0.0276485   0.03154952 -0.00831515 -0.04542955 -0.00173108 -0.03855259
  0.01574006 -0.02330998 -0.01924531  0.05021841]","{'timestamp': '2026-01-08T13:28:19.531413', 'source': 'AI.pdf', 'chunk_index': 2}"
3b08ac82-929c-4e80-b638-7361f11d35eb,"Deep Learning is a further subset that uses neural networks with many layers. AI is widely used in healthcare, finance, transportation, and cybersecurity. ",1024,"[ 0.01966078  0.03480289 -0.00354869 -0.0257887  -0.00796636 -0.01650033
 -0.00259336 -0.04667608  0.02843774  0.04984086]","{'source': 'AI.pdf', 'chunk_index': 3, 'timestamp': '2026-01-08T13:28:19.709586'}"
76644a05-9043-4e5b-8a98-c52109977fc4,"Vector databases are specialized databases designed to store and search high-dimensional vectors. These vectors are usually embeddings generated by machine learning models. Vector databases enable semantic search, recommendation systems, and retrieval-augmented 
generation.",1024,"[-0.02580687  0.01400865  0.01128564 -0.03197058  0.03120739 -0.003194
 -0.00162202 -0.03204995 -0.01135886  0.01403662]","{'source': 'vectorDB.pdf', 'chunk_index': 0, 'timestamp': '2026-01-08T13:28:35.384155'}"
b7b13060-782f-4ba1-bc66-83bdc51ad066,"Vector databases enable semantic search, recommendation systems, and retrieval-augmented 
generation. Instead of keyword matching, vector search finds results based on meaning and similarity. Common vector databases include ChromaDB, FAISS, Pinecone, and Weaviate.",1024,"[-0.01445714  0.0127895  -0.00842033 -0.0056068   0.01555085  0.01618142
 -0.01847717 -0.03118697  0.02495728  0.01256896]","{'source': 'vectorDB.pdf', 'timestamp': '2026-01-08T13:28:35.671573', 'chunk_index': 1}"
9ed936e7-a34b-4f57-863c-1248d2ade072,"Common vector databases include ChromaDB, FAISS, Pinecone, and Weaviate. They use approximate nearest neighbor algorithms for fast similarity search. Vector databases are essential for modern AI applications such as chatbots and document search.",1024,"[ 0.00721595  0.02051756  0.00991842 -0.0156381   0.02146937  0.01617015
 -0.022143   -0.04454738  0.02503323  0.02356314]","{'chunk_index': 2, 'source': 'vectorDB.pdf', 'timestamp': '2026-01-08T13:28:35.925013'}"
b49de310-ba33-483e-a5c0-d97df4fd2dac,Vector databases are essential for modern AI applications such as chatbots and document search. They allow large-scale storage and efficient retrieval of embeddings. ,1024,"[ 0.01284577  0.03189201 -0.00486506 -0.00695766  0.02063939 -0.01332226
 -0.01584755 -0.03359999 -0.00434016  0.00086703]","{'source': 'vectorDB.pdf', 'chunk_index': 3, 'timestamp': '2026-01-08T13:28:36.107882'}"
aa989dd7-e843-482c-9090-65b619bd68a0,"What is a Vector Database? A vector database indexes and stores vector embeddings for fast retrieval and 
similarity search, with capabilities like CRUD operations, metadata filtering, 
horizontal scaling, and serverless. We’re in the midst of the AI revolution.",1024,"[-0.03021032  0.01030456 -0.01928104 -0.02004955  0.03897635 -0.00543599
 -0.01391227 -0.02548551 -0.00070445  0.04148552]","{'chunk_index': 0, 'timestamp': '2026-01-08T13:36:53.186494', 'source': 'vectorDB2.pdf'}"
d9b66345-400e-4b0b-8b31-3aee5170fa2b,"We’re in the midst of the AI revolution. It’s upending any industry it touches, 
promising great innovations - but it also introduces new challenges. Efficient 
data processing has become more crucial than ever for applications that 
involve large language models, generative AI, and semantic search.",1024,"[ 0.02979276 -0.00275533 -0.02745484 -0.00322096  0.02197127 -0.01889202
  0.01248333 -0.04388162  0.0291115   0.01561035]","{'source': 'vectorDB2.pdf', 'timestamp': '2026-01-08T13:36:53.500476', 'chunk_index': 1}"
c60387fb-cfb7-4fb3-81cd-4f0d1b5e0741,"Efficient 
data processing has become more crucial than ever for applications that 
involve large language models, generative AI, and semantic search. All of these new applications rely on vector embeddings, a type of vector data 
representation that carries within it semantic information that’s critical for 
the AI to gain understanding and maintain a long-term memory they can draw 
upon when executing complex tasks.",1024,"[ 0.01224842  0.01750236 -0.01631587 -0.01887586  0.02883854 -0.01153249
  0.00469049 -0.05603464 -0.01065722  0.00602264]","{'chunk_index': 2, 'timestamp': '2026-01-08T13:36:53.922811', 'source': 'vectorDB2.pdf'}"
0542e2ac-a474-4272-938f-6a2130848bc8,"All of these new applications rely on vector embeddings, a type of vector data 
representation that carries within it semantic information that’s critical for 
the AI to gain understanding and maintain a long-term memory they can draw 
upon when executing complex tasks. Embeddings are generated by AI models (such as Large Language Models) and 
have many attributes or features, making their representation challenging to 
manage.",1024,"[ 0.01733836  0.01515458 -0.00569485 -0.03358525  0.03921112 -0.02104979
  0.00980251 -0.05707382  0.00218392  0.00738308]","{'chunk_index': 3, 'source': 'vectorDB2.pdf', 'timestamp': '2026-01-08T13:36:54.350610'}"
f924cf1a-0d9a-4946-a0e5-e313eddb3514,"Embeddings are generated by AI models (such as Large Language Models) and 
have many attributes or features, making their representation challenging to 
manage. In the context of AI and machine learning, these features represent 
different dimensions of the data that are essential for understanding patterns, 
relationships, and underlying structures.",1024,"[ 0.00181855  0.00058187  0.00012081 -0.06011439  0.02858745 -0.00826425
  0.01548636 -0.04072667  0.00017075  0.00467318]","{'chunk_index': 4, 'source': 'vectorDB2.pdf', 'timestamp': '2026-01-08T13:36:54.685454'}"
d1dd2334-83bf-4836-8bab-c3b30756a115,"In the context of AI and machine learning, these features represent 
different dimensions of the data that are essential for understanding patterns, 
relationships, and underlying structures. That is why we need a specialized database designed specifically for handling 
this data type.",1024,"[ 0.01148325  0.02164539  0.02239046 -0.03666401  0.0243743   0.01514928
  0.02456585 -0.02359545  0.00364376  0.03330247]","{'timestamp': '2026-01-08T13:36:54.948351', 'chunk_index': 5, 'source': 'vectorDB2.pdf'}"
c9ca42e6-6b64-4e62-999f-a7178b0972da,"That is why we need a specialized database designed specifically for handling 
this data type. Vector databases like Pinecone fulfill this requirement by 
offering optimized storage and querying capabilities for embeddings.",1024,"[ 0.01067901  0.01167478  0.0252298  -0.01676714  0.03646992  0.0186305
  0.01602019 -0.00860396  0.03825619  0.00400547]","{'timestamp': '2026-01-08T13:36:55.178677', 'source': 'vectorDB2.pdf', 'chunk_index': 6}"
a9dd3356-b20a-44bc-8121-fa0152b94d3e,"Vector databases like Pinecone fulfill this requirement by 
offering optimized storage and querying capabilities for embeddings. Vector 
databases have the capabilities of a traditional database that are absent in 
standalone vector indexes and the specialization of dealing with vector 
embeddings, which traditional scalar-based databases lack.",1024,"[ 0.00485613  0.00904752  0.00525785 -0.03104043  0.02935885  0.03071004
 -0.0059972  -0.01423809  0.01707052  0.01029692]","{'chunk_index': 7, 'source': 'vectorDB2.pdf', 'timestamp': '2026-01-08T13:36:55.512557'}"
24de2d69-22ca-4eb8-8b24-e6f9b942fdcb,"Vector 
databases have the capabilities of a traditional database that are absent in 
standalone vector indexes and the specialization of dealing with vector 
embeddings, which traditional scalar-based databases lack. The challenge of working with vector data is that traditional scalar-based 
databases can’t keep up with the complexity and scale of such data, making it 
difficult to extract insights and perform real-time analysis.",1024,"[-0.02298544 -0.00046047 -0.01317953 -0.02066959  0.03443474  0.01833541
 -0.00415084 -0.04058882 -0.00243205  0.04831247]","{'source': 'vectorDB2.pdf', 'timestamp': '2026-01-08T13:36:55.920167', 'chunk_index': 8}"
1ecfbb26-291c-4836-86d7-30f86bf5caa4,"The challenge of working with vector data is that traditional scalar-based 
databases can’t keep up with the complexity and scale of such data, making it 
difficult to extract insights and perform real-time analysis. That’s where 
vector databases come into play – they are intentionally designed to handle 
this type of data and offer the performance, scalability, and flexibility you need 
to make the most out of your data.",1024,"[-0.0144726   0.02047163 -0.01698294 -0.00883658  0.04031741  0.02498365
  0.0078874  -0.03398189  0.01398987  0.03709843]","{'source': 'vectorDB2.pdf', 'timestamp': '2026-01-08T13:36:56.349209', 'chunk_index': 9}"
28428d9a-84bd-4635-85bb-cee3e96ea994,"That’s where 
vector databases come into play – they are intentionally designed to handle 
this type of data and offer the performance, scalability, and flexibility you need 
to make the most out of your data. We are seeing the next generation of vector databases introduce more 
sophisticated architectures to handle the efficient cost and scaling of 
intelligence.",1024,"[-0.01227244  0.03342019 -0.01123836  0.0002337   0.04245497  0.01770193
  0.00442566 -0.03754779 -0.0104623   0.0310394 ]","{'chunk_index': 10, 'timestamp': '2026-01-08T13:36:56.685753', 'source': 'vectorDB2.pdf'}"
5ac453a6-d16f-45f2-94ad-e786fcd5b33f,"We are seeing the next generation of vector databases introduce more 
sophisticated architectures to handle the efficient cost and scaling of 
intelligence. This ability is handled by serverless vector databases, that can 
separate the cost of storage and compute to enable low-cost knowledge 
support for AI.",1024,"[-0.00540293  0.04359052 -0.01572808 -0.02763572  0.00203743 -0.01169351
  0.01196966 -0.05033302 -0.02956564  0.02860373]","{'source': 'vectorDB2.pdf', 'chunk_index': 11, 'timestamp': '2026-01-08T13:36:56.964033'}"
a1770c6e-a043-454b-84c7-3bbe12c22379,"This ability is handled by serverless vector databases, that can 
separate the cost of storage and compute to enable low-cost knowledge 
support for AI. With a vector database, we can add knowledge to our AIs, like semantic 
information retrieval, long-term memory, and more.",1024,"[-0.01987004  0.05706691 -0.02071525 -0.03130696  0.00353926  0.00659268
  0.00295114 -0.0435003  -0.00991796  0.04293948]","{'chunk_index': 12, 'timestamp': '2026-01-08T13:36:57.261535', 'source': 'vectorDB2.pdf'}"
00dff488-0334-409c-89d0-6d31e68c2d26,"With a vector database, we can add knowledge to our AIs, like semantic 
information retrieval, long-term memory, and more. The diagram below gives 
us a better understanding of the role of vector databases in this type of 
application: 
 
What’s the difference between a vector index and a 
vector database?",1024,"[-0.01564962  0.0257114  -0.00519582 -0.01949607  0.01513151  0.01382517
 -0.04025594 -0.05458089 -0.00221365  0.06329171]","{'timestamp': '2026-01-08T13:36:57.581087', 'source': 'vectorDB2.pdf', 'chunk_index': 13}"
5711f179-3052-47ca-921c-1add5fe4d165,"The diagram below gives 
us a better understanding of the role of vector databases in this type of 
application: 
 
What’s the difference between a vector index and a 
vector database? Standalone vector indices like FAISS (Facebook AI Similarity Search) can 
significantly improve the search and retrieval of vector embeddings, but they 
lack capabilities that exist in any database.",1024,"[-3.06860786e-02  1.77596118e-02  3.78525723e-03 -2.29157899e-02
  1.68449786e-02  5.10113873e-03 -2.54956111e-02 -2.89387517e-02
  4.55867630e-05  3.09997592e-02]","{'source': 'vectorDB2.pdf', 'chunk_index': 14, 'timestamp': '2026-01-08T13:36:57.942648'}"
0ccc9bdc-c4c8-4809-a86f-e5b8cd17a104,"Standalone vector indices like FAISS (Facebook AI Similarity Search) can 
significantly improve the search and retrieval of vector embeddings, but they 
lack capabilities that exist in any database. Vector databases, on the other 
hand, are purpose-built to manage vector embeddings, providing several 
advantages over using standalone vector indices: 
1.",1024,"[-0.01634882  0.03451554  0.00186688 -0.01811549  0.02861084  0.00695984
 -0.01641467 -0.02321399  0.00621932  0.03054103]","{'chunk_index': 15, 'source': 'vectorDB2.pdf', 'timestamp': '2026-01-08T13:36:58.278982'}"
2e7f5713-ee8e-4cdb-a9d6-239d5cd65685,"Vector databases, on the other 
hand, are purpose-built to manage vector embeddings, providing several 
advantages over using standalone vector indices: 
1. Data management: Vector databases offer well-known and easy-to-use features 
for data storage, like inserting, deleting, and updating data.",1024,"[-0.01299544  0.0224222   0.00095496 -0.02513369  0.02282866  0.02267755
  0.00223263 -0.03121359  0.0044792   0.03055136]","{'timestamp': '2026-01-08T13:36:58.613863', 'chunk_index': 16, 'source': 'vectorDB2.pdf'}"
9ac5e53f-b335-4a31-bdc8-e0d739c4d017,"Data management: Vector databases offer well-known and easy-to-use features 
for data storage, like inserting, deleting, and updating data. This makes managing 
and maintaining vector data easier than using a standalone vector index like 
FAISS, which requires additional work to integrate with a storage solution.",1024,"[-0.0269724   0.01687455  0.02017664  0.00058695 -0.00903284  0.01192171
  0.00811673 -0.02535718  0.03185287  0.04178973]","{'timestamp': '2026-01-08T13:36:58.932638', 'source': 'vectorDB2.pdf', 'chunk_index': 17}"
043ea2bd-4bb0-4c9a-9432-0bd16731a521,"This makes managing 
and maintaining vector data easier than using a standalone vector index like 
FAISS, which requires additional work to integrate with a storage solution. 2. Metadata storage and filtering: Vector databases can store metadata associated 
with each vector entry.",1024,"[-0.02457044  0.00074895  0.02374929  0.01395828  0.01143182  0.0137153
 -0.01198466 -0.0261246   0.03445183  0.02645875]","{'chunk_index': 18, 'timestamp': '2026-01-08T13:36:59.180376', 'source': 'vectorDB2.pdf'}"
bfebc524-1281-4ac1-92c4-078ea97a7a16,"Metadata storage and filtering: Vector databases can store metadata associated 
with each vector entry. Users can then query the database using additional 
metadata filters for finer-grained queries. 3.",1024,"[ 0.01233241 -0.02267868  0.02505065 -0.00797888  0.0320728   0.00407296
 -0.01990414 -0.03121833  0.00800484  0.01484089]","{'chunk_index': 19, 'timestamp': '2026-01-08T13:36:59.379542', 'source': 'vectorDB2.pdf'}"
f483bc98-1c3d-4cb5-b09c-cbae376b6ef4,"3. Scalability: Vector databases are designed to scale with growing data volumes 
and user demands, providing better support for distributed and parallel 
processing.",1024,"[-0.01944738  0.0195937   0.01012748 -0.01471583  0.05714787  0.02624223
  0.01211393 -0.03653852  0.01657204  0.02547461]","{'chunk_index': 20, 'source': 'vectorDB2.pdf', 'timestamp': '2026-01-08T13:36:59.548431'}"
2d44e14d-42a5-4461-a58d-f445a5ad97d0,"Scalability: Vector databases are designed to scale with growing data volumes 
and user demands, providing better support for distributed and parallel 
processing. Standalone vector indices may require custom solutions to achieve 
similar levels of scalability (such as deploying and managing them on Kubernetes 
clusters or other similar systems).",1024,"[-0.02905151  0.01889878 -0.00280034  0.00728432  0.03624433  0.01337032
  0.01600736 -0.03401914 -0.01180595  0.04544816]","{'timestamp': '2026-01-08T13:36:59.868867', 'chunk_index': 21, 'source': 'vectorDB2.pdf'}"
5b88ce04-cc2c-4a04-acd3-4aee7eb82dc3,"Standalone vector indices may require custom solutions to achieve 
similar levels of scalability (such as deploying and managing them on Kubernetes 
clusters or other similar systems). Modern vector databases also use serverless 
architectures to optimize cost at scale. 4.",1024,"[-0.02811494  0.03157344 -0.01166906  0.00451385  0.02167823  0.01073426
  0.00964543 -0.03663834 -0.00746835  0.03776038]","{'timestamp': '2026-01-08T13:37:00.146750', 'source': 'vectorDB2.pdf', 'chunk_index': 22}"
3e35db49-838c-4d65-9203-d03e3eb9c5d6,"4. Real-time updates: Vector databases often support real-time data updates, 
allowing for dynamic changes to the data to keep results fresh, whereas 
standalone vector indexes may require a full re-indexing process to incorporate 
new data, which can be time-consuming and computationally expensive.",1024,"[-0.02816226  0.01853466 -0.03244082  0.01856079  0.02527971  0.00969642
 -0.00951564 -0.05141783  0.00722284  0.05241412]","{'source': 'vectorDB2.pdf', 'timestamp': '2026-01-08T13:37:00.448882', 'chunk_index': 23}"
43953c8d-8356-455b-ba62-e065c309e7ec,"Real-time updates: Vector databases often support real-time data updates, 
allowing for dynamic changes to the data to keep results fresh, whereas 
standalone vector indexes may require a full re-indexing process to incorporate 
new data, which can be time-consuming and computationally expensive. Advanced vector databases can use performance upgrades available via index 
rebuilds while maintaining freshness.",1024,"[-0.02722949  0.02194858 -0.02587517  0.01015978  0.02260345  0.00319413
 -0.01332134 -0.05114121  0.0033817   0.05232856]","{'timestamp': '2026-01-08T13:37:00.830098', 'chunk_index': 24, 'source': 'vectorDB2.pdf'}"
50a067a5-33a8-4bae-b7d5-cd209db9181b,"Advanced vector databases can use performance upgrades available via index 
rebuilds while maintaining freshness. 5. Backups and collections: Vector databases handle the routine operation of 
backing up all the data stored in the database.",1024,"[-0.02623447  0.0049647   0.01631288 -0.00258521  0.02842657  0.00928726
 -0.00543819 -0.04565172  0.02465281  0.03496812]","{'timestamp': '2026-01-08T13:37:01.066830', 'source': 'vectorDB2.pdf', 'chunk_index': 25}"
ff5115cd-577c-4ae3-8b1d-b0ddf1e31875,"Backups and collections: Vector databases handle the routine operation of 
backing up all the data stored in the database. Pinecone also allows users to 
selectively choose specific indexes that can be backed up in the form of 
“collections,” which store the data in that index for later use. 6.",1024,"[ 0.00559366 -0.01998018  0.02890009 -0.00455068  0.0144302   0.02702762
  0.0150886  -0.00788538  0.03992198  0.03171647]","{'source': 'vectorDB2.pdf', 'chunk_index': 26, 'timestamp': '2026-01-08T13:37:01.381371'}"
9a0ddb5d-6e2d-4e06-b1ae-97d8110fe901,"6. Ecosystem integration: Vector databases can more easily integrate with other 
components of a data processing ecosystem, such as ETL pipelines (like Spark), 
analytics tools (like Tableau and Segment), and visualization platforms 
(like Grafana) – streamlining the data management workflow.",1024,"[-0.02969023  0.02194343 -0.03429279 -0.00019765  0.00587857  0.00882127
 -0.00178994 -0.02217084  0.01741197  0.04025343]","{'timestamp': '2026-01-08T13:37:01.699475', 'chunk_index': 27, 'source': 'vectorDB2.pdf'}"
231d08fa-d0bf-4018-bd48-d87e7f73c138,"Ecosystem integration: Vector databases can more easily integrate with other 
components of a data processing ecosystem, such as ETL pipelines (like Spark), 
analytics tools (like Tableau and Segment), and visualization platforms 
(like Grafana) – streamlining the data management workflow. It also enables 
easy integration with other AI related tooling 
like LangChain, LlamaIndex, Cohere, and many others..",1024,"[-0.01850802  0.03167534 -0.02970352  0.00268026 -0.00031188  0.00993928
 -0.00523348 -0.02815237  0.00613018  0.04067359]","{'chunk_index': 28, 'source': 'vectorDB2.pdf', 'timestamp': '2026-01-08T13:37:02.140254'}"
f368e06b-e825-4e4a-87ea-4d8b500097d5,"It also enables 
easy integration with other AI related tooling 
like LangChain, LlamaIndex, Cohere, and many others.. 7.",1024,"[ 0.00447291  0.057833   -0.00855306 -0.01859519 -0.00863965  0.00835572
 -0.005486   -0.03007416  0.04719717  0.05893407]","{'chunk_index': 29, 'source': 'vectorDB2.pdf', 'timestamp': '2026-01-08T13:37:02.312007'}"
c1ce0c00-f73e-4742-85ba-e7822fc38427,"7. Data security and access control: Vector databases typically offer built-in data 
security features and access control mechanisms to protect sensitive 
information, which may not be available in standalone vector index solutions.",1024,"[-0.02923133 -0.00208127  0.02844508 -0.01300433  0.03255805  0.02617837
 -0.01215915 -0.02007909 -0.01473168  0.02884164]","{'chunk_index': 30, 'source': 'vectorDB2.pdf', 'timestamp': '2026-01-08T13:37:02.513759'}"
8bba7c64-48a6-4746-aaeb-853d1847d66b,"Data security and access control: Vector databases typically offer built-in data 
security features and access control mechanisms to protect sensitive 
information, which may not be available in standalone vector index solutions. Multitenancy through namespaces allows users to partition their indexes fully 
and even create fully isolated partitions within their own index.",1024,"[-0.0296334  -0.00576348  0.03543873 -0.02554758  0.0277152   0.02001886
 -0.01480623 -0.00570089 -0.01827117  0.03351575]","{'source': 'vectorDB2.pdf', 'chunk_index': 31, 'timestamp': '2026-01-08T13:37:02.824415'}"
c5f5816b-eb6b-4548-adaa-90772128ffec,"Multitenancy through namespaces allows users to partition their indexes fully 
and even create fully isolated partitions within their own index. In short, a vector database provides a superior solution for handling vector 
embeddings by addressing the limitations of standalone vector indices, such 
as scalability challenges, cumbersome integration processes, and the absence 
of real-time updates and built-in security measures, ensuring a more effective 
and streamlined data management experience.",1024,"[-0.01870553  0.01333034  0.00975116 -0.01941781  0.02777504  0.00523102
 -0.00367731 -0.02302865  0.01046095  0.03287498]","{'chunk_index': 32, 'source': 'vectorDB2.pdf', 'timestamp': '2026-01-08T13:37:03.273595'}"
7ce39959-582c-4cf7-9dcc-e60f53003d84,"In short, a vector database provides a superior solution for handling vector 
embeddings by addressing the limitations of standalone vector indices, such 
as scalability challenges, cumbersome integration processes, and the absence 
of real-time updates and built-in security measures, ensuring a more effective 
and streamlined data management experience. ",1024,"[-0.00925575  0.00929319 -0.01361676 -0.00467013  0.03134709  0.01862969
 -0.00816066 -0.03373848  0.02770196  0.01573321]","{'timestamp': '2026-01-08T13:37:03.580154', 'chunk_index': 33, 'source': 'vectorDB2.pdf'}"
